insert into zaposleni (JMB, Ime, Prezime, Email, DatumRodjenja, Adresa, Plata, Pol, Telefon) values ('2002972126116', 'Maja', 'Marić', 'maja.maric@gmail.com', '1972-02-20', 'Ulica 1', 2300.00, 'ženski', '+387 (0) 65 216 320'); -- endokrinologija
insert into zaposleni (JMB, Ime, Prezime, Email, DatumRodjenja, Adresa, Plata, Pol, Telefon) values ('3010981104134', 'Nikola', 'Popović', 'nikola.popovic@gmail.com', '1981-10-30', 'Ulica 33', 2600.00, 'muški', '+387 (0) 66 335 710');
insert into zaposleni (JMB, Ime, Prezime, Email, DatumRodjenja, Adresa, Plata, Pol, Telefon) values ('2907969120462', 'Marko', 'Ilić', 'marko.ilic@gmail.com', '1969-07-29', 'Ulica 17', 1400.00, 'muški', '+387 (0) 65 751 003');
insert into zaposleni (JMB, Ime, Prezime, Email, DatumRodjenja, Adresa, Plata, Pol, Telefon) values ('1912974107101', 'Sara', 'Miljević', 'sara.miljevic@gmail.com', '1974-12-19', 'Ulica 89', 1700.00, 'ženski', '+387 (0) 65 120 963');
insert into zaposleni (JMB, Ime, Prezime, Email, DatumRodjenja, Adresa, Plata, Pol, Telefon) values ('3003989103106', 'Dejan', 'Rakić', 'dejan.rakic@gmail.com', '1989-03-30', 'Ulica 11', 2300.00, 'muški', '+387 (0) 66 917 144'); -- kardiologija
insert into zaposleni (JMB, Ime, Prezime, Email, DatumRodjenja, Adresa, Plata, Pol, Telefon) values ('1610963129179', 'Ana', 'Filipović', 'ana.filipovic@gmail.com', '1963-10-16', 'Ulica 91', 2600.00, 'ženski', '+387 (0) 66 324 878');
insert into zaposleni (JMB, Ime, Prezime, Email, DatumRodjenja, Adresa, Plata, Pol, Telefon) values ('2109982101124', 'Dragan', 'Desnica', 'dragan.desnica@gmail.com', '1982-09-21', 'Ulica 45', 1500.00,'muški', '+387 (0) 66 169 375');
insert into zaposleni (JMB, Ime, Prezime, Email, DatumRodjenja, Adresa, Plata, Pol, Telefon) values ('1711977100179', 'Saša', 'Lekić', 'sasa.lekic@gmail.com', '1977-11-17', 'Ulica 60', 1700.00, 'muški', '+387 (0) 65 515 016');
insert into zaposleni (JMB, Ime, Prezime, Email, DatumRodjenja, Adresa, Plata, Pol, Telefon) values ('1408987118138', 'Helena', 'Petrović', 'helena.petrovic@gmail.com', '1987-08-14', 'Ulica 14', 2300.00, 'ženski', '+387 (0) 65 498 642'); -- urologija
insert into zaposleni (JMB, Ime, Prezime, Email, DatumRodjenja, Adresa, Plata, Pol, Telefon) values ('2206976113194', 'Miroslav', 'Danilović', 'miroslav.danilovic@gmail.com', '1976-06-22', 'Ulica 158', 2700.00, 'muški', '+387 (0) 66 731 238');
insert into zaposleni (JMB, Ime, Prezime, Email, DatumRodjenja, Adresa, Plata, Pol, Telefon) values ('2103972126116', 'Sofija', 'Gajić', 'sofija.gajic@gmail.com', '1972-03-21', 'Ulica 214', 1400.00, 'ženski', '+387 (0) 65 612 023');
insert into zaposleni (JMB, Ime, Prezime, Email, DatumRodjenja, Adresa, Plata, Pol, Telefon) values ('1811981104134', 'Siniša', 'Popović', 'sinisa.popovic@gmail.com', '1981-11-18', 'Ulica 52', 1700.00, 'muški', '+387 (0) 66 533 017'); 
insert into zaposleni (JMB, Ime, Prezime, Email, DatumRodjenja, Adresa, Plata, Pol, Telefon) values ('1404969129462', 'Dajana', 'Manojlović', 'dajana.manojlovic@gmail.com', '1969-04-14', 'Ulica 101', 2400.00, 'ženski', '+387 (0) 65 157 300'); -- stomatologija
insert into zaposleni (JMB, Ime, Prezime, Email, DatumRodjenja, Adresa, Plata, Pol, Telefon) values ('0506974107101', 'Ilijana', 'Kostić', 'ilijana.kostic@gmail.com', '1974-06-05', 'Ulica 99', 2700.00, 'ženski', '+387 (0) 65 012 369');
insert into zaposleni (JMB, Ime, Prezime, Email, DatumRodjenja, Adresa, Plata, Pol, Telefon) values ('0207989106106', 'Sandra', 'Dević', 'sandra.devic@gmail.com', '1989-07-02', 'Ulica 98', 1300.00, 'ženski', '+387 (0) 66 719 441');
insert into zaposleni (JMB, Ime, Prezime, Email, DatumRodjenja, Adresa, Plata, Pol, Telefon) values ('3110963127179', 'Amarela', 'Stanić', 'amarela.stanic@gmail.com', '1963-10-31', 'Ulica 81', 1700.00, 'ženski', '+387 (0) 66 423 871');
insert into zaposleni (JMB, Ime, Prezime, Email, DatumRodjenja, Adresa, Plata, Pol, Telefon) values ('2609982101124', 'Damir', 'Kosić', 'damir.kosic@gmail.com', '1982-09-26', 'Ulica 65', 2400.00, 'muški', '+387 (0) 66 961 573'); --  psihijatrija
insert into zaposleni (JMB, Ime, Prezime, Email, DatumRodjenja, Adresa, Plata, Pol, Telefon) values ('0608977108179', 'Lazarela', 'Lakić', 'lazarela.lakic@gmail.com', '1977-08-06', 'Ulica 70', 2700.00, 'ženski', '+387 (0) 65 519 610');
insert into zaposleni (JMB, Ime, Prezime, Email, DatumRodjenja, Adresa, Plata, Pol, Telefon) values ('2905987118138', 'Mira', 'Ožegović', 'mira.ozegovic@gmail.com', '1987-05-29', 'Ulica 34', 1500.00, 'ženski', '+387 (0) 65 894 246');
insert into zaposleni (JMB, Ime, Prezime, Email, DatumRodjenja, Adresa, Plata, Pol, Telefon) values ('0801976113194', 'Luka', 'Radić', 'luka.radic@gmail.com', '1976-01-08', 'Ulica 82', 1700.00, 'muški', '+387 (0) 66 137 832');
insert into zaposleni (JMB, Ime, Prezime, Email, DatumRodjenja, Adresa, Plata, Pol, Telefon) values ('2004972124116', 'Jovan', 'Kostadinović', 'jovan.kostadinovic@gmail.com', '1972-04-20', 'Ulica 10', 2300.00, 'muški', '+387 (0) 65 126 203'); -- ortopedija
insert into zaposleni (JMB, Ime, Prezime, Email, DatumRodjenja, Adresa, Plata, Pol, Telefon) values ('3112981104134', 'Andrej', 'Perić', 'andrej.peric@gmail.com', '1981-12-31', 'Ulica 35', 2600.00, 'muški', '+387 (0) 66 353 701');
insert into zaposleni (JMB, Ime, Prezime, Email, DatumRodjenja, Adresa, Plata, Pol, Telefon) values ('2608969120462', 'Matej', 'Ilić', 'matej.ilic@gmail.com', '1969-08-26', 'Ulica 97', 1400.00, 'muški', '+387 (0) 65 715 030');
insert into zaposleni (JMB, Ime, Prezime, Email, DatumRodjenja, Adresa, Plata, Pol, Telefon) values ('0304974107101', 'Marija', 'Stanojević', 'marija.stanojevic@gmail.com', '1974-04-03', 'Ulica 69', 1700.00,'ženski', '+387 (0) 65 102 639');
insert into zaposleni (JMB, Ime, Prezime, Email, DatumRodjenja, Adresa, Plata, Pol, Telefon) values ('0803989103106', 'Nemanja', 'Galić', 'nemanja.galic@gmail.com', '1989-03-08', 'Ulica 111', 2200.00, 'muški', '+387 (0) 66 210 414'); -- pedijatrija
insert into zaposleni (JMB, Ime, Prezime, Email, DatumRodjenja, Adresa, Plata, Pol, Telefon) values ('1911963129179', 'Nevena', 'Rudić', 'nevena.rudic@gmail.com', '1963-11-19', 'Ulica 51', 2500.00, 'ženski', '+387 (0) 66 785 348');
insert into zaposleni (JMB, Ime, Prezime, Email, DatumRodjenja, Adresa, Plata, Pol, Telefon) values ('1409982101124', 'Sven', 'Misimović', 'sven.misimovic@gmail.com', '1982-09-14', 'Ulica 44', 1300.00, 'muški', '+387 (0) 66 759 157');
insert into zaposleni (JMB, Ime, Prezime, Email, DatumRodjenja, Adresa, Plata, Pol, Telefon) values ('2512977100179', 'Dalibor', 'Došen', 'dalibor.dosen@gmail.com', '1977-12-25', 'Ulica 66', 1600.00, 'muški', '+387 (0) 65 296 359 ');
insert into zaposleni (JMB, Ime, Prezime, Email, DatumRodjenja, Adresa, Plata, Pol, Telefon) values ('1508987112138', 'Rade', 'Sladojević', 'rade.sladojevic@gmail.com', '1987-08-15', 'Ulica 114', 2400.00, 'muški', '+387 (0) 65 418 883'); -- onkologija
insert into zaposleni (JMB, Ime, Prezime, Email, DatumRodjenja, Adresa, Plata, Pol, Telefon) values ('2806976118194', 'Gorica', 'Đurić', 'gorica.djuric@gmail.com', '1976-06-28', 'Ulica 77', 2600.00, 'ženski', '+387 (0) 66 225 781');
insert into zaposleni (JMB, Ime, Prezime, Email, DatumRodjenja, Adresa, Plata, Pol, Telefon) values ('2007972124116', 'Zoran', 'Marić', 'zoran.maric@gmail.com', '1972-07-20', 'Ulica 88', 1400.00, 'muški', '+387 (0) 65 065 660');
insert into zaposleni (JMB, Ime, Prezime, Email, DatumRodjenja, Adresa, Plata, Pol, Telefon) values ('2310981106134', 'Gorana', 'Popović', 'gorana.popovic@gmail.com', '1981-10-23', 'Ulica 59', 1700.00, 'ženski', '+387 (0) 66 280 017');
insert into zaposleni (JMB, Ime, Prezime, Email, DatumRodjenja, Adresa, Plata, Pol, Telefon) values ('1312969120462', 'Kosta', 'Šestić', 'kosta.sestic@gmail.com', '1969-12-13', 'Ulica 74', 2300.00, 'muški', '+387 (0) 65 850 123'); -- radiologija
insert into zaposleni (JMB, Ime, Prezime, Email, DatumRodjenja, Adresa, Plata, Pol, Telefon) values ('0501974101101', 'Đorđe', 'Samardžić', 'djordje.samardzic@gmail.com', '1974-01-05', 'Ulica 149', 2600.00, 'muški', '+387 (0) 65 456 963');
insert into zaposleni (JMB, Ime, Prezime, Email, DatumRodjenja, Adresa, Plata, Pol, Telefon) values ('1603989103106', 'Srđan', 'Ristić', 'srdjan.ristic@gmail.com', '1989-03-16', 'Ulica 201', 1400.00, 'muški', '+387 (0) 66 741 359');
insert into zaposleni (JMB, Ime, Prezime, Email, DatumRodjenja, Adresa, Plata, Pol, Telefon) values ('2406963129179', 'Ana', 'Stanić', 'ana.stanic@gmail.com', '1963-06-24', 'Ulica 191', 1700.00, 'ženski', '+387 (0) 66 951 753');
insert into zaposleni (JMB, Ime, Prezime, Email, DatumRodjenja, Adresa, Plata, Pol, Telefon) values ('2909982101124', 'Dragan', 'Matić', 'dragan.matic@gmail.com', '1982-09-29', 'Ulica 145', 2300.00, 'muški', '+387 (0) 66 160 428'); -- infektivne bolesti
insert into zaposleni (JMB, Ime, Prezime, Email, DatumRodjenja, Adresa, Plata, Pol, Telefon) values ('1702977107179', 'Dijana', 'Dodik', 'dijana.dodik@gmail.com', '1977-02-17', 'Ulica 160', 2700.00, 'ženski', '+387 (0) 65 943 002');
insert into zaposleni (JMB, Ime, Prezime, Email, DatumRodjenja, Adresa, Plata, Pol, Telefon) values ('2101987118138', 'Helena', 'Romić', 'helena.romic@gmail.com', '1987-01-21', 'Ulica 142', 1500.00, 'ženski', '+387 (0) 65 246 135'); 
insert into zaposleni (JMB, Ime, Prezime, Email, DatumRodjenja, Adresa, Plata, Pol, Telefon) values ('2410976113194', 'Aleksandar', 'Stojić', 'aleksandar.stojic@gmail.com', '1976-10-24', 'Ulica 222', 1800.00, 'muški', '+387 (0) 66 351 642');
insert into zaposleni (JMB, Ime, Prezime, Email, DatumRodjenja, Adresa, Plata, Pol, Telefon) values ('0509982101124', 'Milan', 'Kondić', 'milan.kondic@gmail.com', '1982-09-05', 'Ulica 177', 2200.00, 'muški', '+387 (0) 66 907 300'); -- transfuzija
insert into zaposleni (JMB, Ime, Prezime, Email, DatumRodjenja, Adresa, Plata, Pol, Telefon) values ('1112977106179', 'Marica', 'Bojić', 'marica.bojic@gmail.com', '1977-12-11', 'Ulica 166', 2500.00, 'ženski', '+387 (0) 65 106 912');
insert into zaposleni (JMB, Ime, Prezime, Email, DatumRodjenja, Adresa, Plata, Pol, Telefon) values ('0806987113138', 'Milutin', 'Bosnić', 'milutin.bosnic@gmail.com', '1987-06-08', 'Ulica 155', 1300.00, 'muški', '+387 (0) 65 922 194');
insert into zaposleni (JMB, Ime, Prezime, Email, DatumRodjenja, Adresa, Plata, Pol, Telefon) values ('1704976119194', 'Milica', 'Ilić', 'milica.ilicic@gmail.com', '1976-04-17', 'Ulica 206', 1600.00, 'ženski', '+387 (0) 66 122 923');
-- select * from zaposleni;

insert into doktor (JMB, Specijalizacija) values ('2002972126116', 'Endokrinolog');
insert into doktor (JMB, Specijalizacija) values ('3010981104134', 'Endokrinolog');
insert into doktor (JMB, Specijalizacija) values ('3003989103106', 'Kardiolog');
insert into doktor (JMB, Specijalizacija) values ('1610963129179', 'Kardiolog');
insert into doktor (JMB, Specijalizacija) values ('1408987118138', 'Urolog');
insert into doktor (JMB, Specijalizacija) values ('2206976113194', 'Urolog');
insert into doktor (JMB, Specijalizacija) values ('1404969129462', 'Stomatolog');
insert into doktor (JMB, Specijalizacija) values ('0506974107101', 'Stomatolog');
insert into doktor (JMB, Specijalizacija) values ('2609982101124', 'Psihijatar');
insert into doktor (JMB, Specijalizacija) values ('0608977108179', 'Psihijatar');
insert into doktor (JMB, Specijalizacija) values ('2004972124116', 'Ortoped');
insert into doktor (JMB, Specijalizacija) values ('3112981104134', 'Ortoped');
insert into doktor (JMB, Specijalizacija) values ('0803989103106', 'Pedijatar');
insert into doktor (JMB, Specijalizacija) values ('1911963129179', 'Pedijatar');
insert into doktor (JMB, Specijalizacija) values ('1508987112138', 'Onkolog');
insert into doktor (JMB, Specijalizacija) values ('2806976118194', 'Onkolog');
insert into doktor (JMB, Specijalizacija) values ('1312969120462', 'Radiolog');
insert into doktor (JMB, Specijalizacija) values ('0501974101101', 'Radiolog');
insert into doktor (JMB, Specijalizacija) values ('2909982101124', 'Infektolog');
insert into doktor (JMB, Specijalizacija) values ('1702977107179', 'Infektolog');
insert into doktor (JMB, Specijalizacija) values ('0509982101124', 'Transfuziolog');
insert into doktor (JMB, Specijalizacija) values ('1112977106179', 'Transfuziolog');
-- select * from doktor;

insert into med_sestra_tehnicar (JMB, StrucnaSprema) values ('2907969120462', 'medicinska sestra/tehničar');
insert into med_sestra_tehnicar (JMB, StrucnaSprema) values ('1912974107101', 'diplomirana medicinska sestra/tehničar');
insert into med_sestra_tehnicar (JMB, StrucnaSprema) values ('2109982101124', 'viša medicinska sestra/tehničar');
insert into med_sestra_tehnicar (JMB, StrucnaSprema) values ('1711977100179', 'diplomirana medicinska sestra/tehničar');
insert into med_sestra_tehnicar (JMB, StrucnaSprema) values ('2103972126116', 'medicinska sestra/tehničar');
insert into med_sestra_tehnicar (JMB, StrucnaSprema) values ('1811981104134', 'diplomirana medicinska sestra/tehničar');
insert into med_sestra_tehnicar (JMB, StrucnaSprema) values ('0207989106106', 'medicinska sestra/tehničar');
insert into med_sestra_tehnicar (JMB, StrucnaSprema) values ('3110963127179', 'diplomirana medicinska sestra/tehničar');
insert into med_sestra_tehnicar (JMB, StrucnaSprema) values ('2905987118138', 'viša medicinska sestra/tehničar');
insert into med_sestra_tehnicar (JMB, StrucnaSprema) values ('0801976113194', 'diplomirana medicinska sestra/tehničar');
insert into med_sestra_tehnicar (JMB, StrucnaSprema) values ('2608969120462', 'medicinska sestra/tehničar');
insert into med_sestra_tehnicar (JMB, StrucnaSprema) values ('0304974107101', 'diplomirana medicinska sestra/tehničar');
insert into med_sestra_tehnicar (JMB, StrucnaSprema) values ('1409982101124', 'medicinska sestra/tehničar');
insert into med_sestra_tehnicar (JMB, StrucnaSprema) values ('2512977100179', 'diplomirana medicinska sestra/tehničar');
insert into med_sestra_tehnicar (JMB, StrucnaSprema) values ('2007972124116', 'medicinska sestra/tehničar');
insert into med_sestra_tehnicar (JMB, StrucnaSprema) values ('2310981106134', 'diplomirana medicinska sestra/tehničar');
insert into med_sestra_tehnicar (JMB, StrucnaSprema) values ('1603989103106', 'medicinska sestra/tehničar');
insert into med_sestra_tehnicar (JMB, StrucnaSprema) values ('2406963129179', 'diplomirana medicinska sestra/tehničar');
insert into med_sestra_tehnicar (JMB, StrucnaSprema) values ('2101987118138', 'viša medicinska sestra/tehničar');
insert into med_sestra_tehnicar (JMB, StrucnaSprema) values ('2410976113194', 'diplomirana medicinska sestra/tehničar');
insert into med_sestra_tehnicar (JMB, StrucnaSprema) values ('0806987113138', 'medicinska sestra/tehničar');
insert into med_sestra_tehnicar (JMB, StrucnaSprema) values ('1704976119194', 'diplomirana medicinska sestra/tehničar');
-- select * from med_sestra_tehnicar;

insert into odjel (IdOdjela, NazivOdjela, Adresa, JMBSefaOdjela, JMBGlavneMedSestreTehnicara) values (10000, 'Endokrinologija', '12 Beba bb, Banja Luka', '3010981104134', '1912974107101');
insert into odjel (IdOdjela, NazivOdjela, Adresa, JMBSefaOdjela, JMBGlavneMedSestreTehnicara) values (11000, 'Kardiologija', '12 Beba bb, Banja Luka', '1610963129179', '1711977100179');
insert into odjel (IdOdjela, NazivOdjela, Adresa, JMBSefaOdjela, JMBGlavneMedSestreTehnicara) values (12000, 'Urologija', '12 Beba bb, Banja Luka', '2206976113194', '1811981104134');
insert into odjel (IdOdjela, NazivOdjela, Adresa, JMBSefaOdjela, JMBGlavneMedSestreTehnicara) values (13000, 'Stomatologija', 'Zdrave Korde 4, Banja Luka', '0506974107101', '3110963127179');
insert into odjel (IdOdjela, NazivOdjela, Adresa, JMBSefaOdjela, JMBGlavneMedSestreTehnicara) values (14000, 'Psihijatrija', 'Mačvanska 17, Banja Luka', '0608977108179', '0801976113194');
insert into odjel (IdOdjela, NazivOdjela, Adresa, JMBSefaOdjela, JMBGlavneMedSestreTehnicara) values (15000, 'Ortopedija', '12 Beba bb, Banja Luka', '3112981104134', '0304974107101');
insert into odjel (IdOdjela, NazivOdjela, Adresa, JMBSefaOdjela, JMBGlavneMedSestreTehnicara) values (16000, 'Pedijatrija', '12 Beba bb, Banja Luka', '1911963129179', '2512977100179');
insert into odjel (IdOdjela, NazivOdjela, Adresa, JMBSefaOdjela, JMBGlavneMedSestreTehnicara) values (17000, 'Onkologija', '12 Beba bb, Banja Luka', '2806976118194', '2310981106134');
insert into odjel (IdOdjela, NazivOdjela, Adresa, JMBSefaOdjela, JMBGlavneMedSestreTehnicara) values (18000, 'Radiologija', '12 Beba bb, Banja Luka', '0501974101101', '2406963129179');
insert into odjel (IdOdjela, NazivOdjela, Adresa, JMBSefaOdjela, JMBGlavneMedSestreTehnicara) values (19000, 'Infektologija', '12 Beba bb, Banja Luka', '1702977107179', '2410976113194');
insert into odjel (IdOdjela, NazivOdjela, Adresa, JMBSefaOdjela, JMBGlavneMedSestreTehnicara) values (11100, 'Transfuziologija', 'Zdrave Korde 4, Banja Luka', '1112977106179', '1704976119194');
-- select * from odjel;

insert into radi_na (DatumZaposlenja, JMB, IdOdjela) values ('2009-11-04', '2002972126116', 10000);
insert into radi_na (DatumZaposlenja, JMB, IdOdjela) values ('2011-05-16', '3010981104134', 10000);
insert into radi_na (DatumZaposlenja, JMB, IdOdjela) values ('1995-10-08', '2907969120462', 10000);
insert into radi_na (DatumZaposlenja, JMB, IdOdjela) values ('2001-09-24', '1912974107101', 10000);
insert into radi_na (DatumZaposlenja, JMB, IdOdjela) values ('2016-03-25', '3003989103106', 11000);
insert into radi_na (DatumZaposlenja, JMB, IdOdjela) values ('1992-10-31', '1610963129179', 11000);
insert into radi_na (DatumZaposlenja, JMB, IdOdjela) values ('2008-12-28', '2109982101124', 11000);
insert into radi_na (DatumZaposlenja, JMB, IdOdjela) values ('2016-09-23', '1711977100179', 11000);
insert into radi_na (DatumZaposlenja, JMB, IdOdjela) values ('2019-02-25', '1408987118138', 12000);
insert into radi_na (DatumZaposlenja, JMB, IdOdjela) values ('1999-04-17', '2206976113194', 12000);
insert into radi_na (DatumZaposlenja, JMB, IdOdjela) values ('2009-01-03', '2103972126116', 12000);
insert into radi_na (DatumZaposlenja, JMB, IdOdjela) values ('2011-10-29', '1811981104134', 12000);
insert into radi_na (DatumZaposlenja, JMB, IdOdjela) values ('1995-09-11', '1404969129462', 13000);
insert into radi_na (DatumZaposlenja, JMB, IdOdjela) values ('2001-10-17', '0506974107101', 13000);
insert into radi_na (DatumZaposlenja, JMB, IdOdjela) values ('2016-05-07', '0207989106106', 13000);
insert into radi_na (DatumZaposlenja, JMB, IdOdjela) values ('1992-08-31', '3110963127179', 13000);
insert into radi_na (DatumZaposlenja, JMB, IdOdjela) values ('2008-04-12', '2609982101124', 14000);
insert into radi_na (DatumZaposlenja, JMB, IdOdjela) values ('2016-06-26', '0608977108179', 14000);
insert into radi_na (DatumZaposlenja, JMB, IdOdjela) values ('2019-02-13', '2905987118138', 14000);
insert into radi_na (DatumZaposlenja, JMB, IdOdjela) values ('1999-08-16', '0801976113194', 14000);
insert into radi_na (DatumZaposlenja, JMB, IdOdjela) values ('2009-11-03', '2004972124116', 15000);
insert into radi_na (DatumZaposlenja, JMB, IdOdjela) values ('2011-05-21', '3112981104134', 15000);
insert into radi_na (DatumZaposlenja, JMB, IdOdjela) values ('1995-08-07', '2608969120462', 15000);
insert into radi_na (DatumZaposlenja, JMB, IdOdjela) values ('2001-11-14', '0304974107101', 15000);
insert into radi_na (DatumZaposlenja, JMB, IdOdjela) values ('2016-08-05', '0803989103106', 16000);
insert into radi_na (DatumZaposlenja, JMB, IdOdjela) values ('1992-12-30', '1911963129179', 16000);
insert into radi_na (DatumZaposlenja, JMB, IdOdjela) values ('2008-10-23', '1409982101124', 16000);
insert into radi_na (DatumZaposlenja, JMB, IdOdjela) values ('2016-01-13', '2512977100179', 16000);
insert into radi_na (DatumZaposlenja, JMB, IdOdjela) values ('2019-02-02', '1508987112138', 17000);
insert into radi_na (DatumZaposlenja, JMB, IdOdjela) values ('1999-04-23', '2806976118194', 17000);
insert into radi_na (DatumZaposlenja, JMB, IdOdjela) values ('2009-10-03', '2007972124116', 17000);
insert into radi_na (DatumZaposlenja, JMB, IdOdjela) values ('2011-03-17', '2310981106134', 17000);
insert into radi_na (DatumZaposlenja, JMB, IdOdjela) values ('1995-12-07', '1312969120462', 18000);
insert into radi_na (DatumZaposlenja, JMB, IdOdjela) values ('2001-07-14', '0501974101101', 18000);
insert into radi_na (DatumZaposlenja, JMB, IdOdjela) values ('2016-01-05', '1603989103106', 18000);
insert into radi_na (DatumZaposlenja, JMB, IdOdjela) values ('1992-09-30', '2406963129179', 18000);
insert into radi_na (DatumZaposlenja, JMB, IdOdjela) values ('2008-11-27', '2909982101124', 19000);
insert into radi_na (DatumZaposlenja, JMB, IdOdjela) values ('2016-06-13', '1702977107179', 19000);
insert into radi_na (DatumZaposlenja, JMB, IdOdjela) values ('2019-12-26', '2101987118138', 19000);
insert into radi_na (DatumZaposlenja, JMB, IdOdjela) values ('1999-05-15', '2410976113194', 19000);
insert into radi_na (DatumZaposlenja, JMB, IdOdjela) values ('2008-02-27', '0509982101124', 11100);
insert into radi_na (DatumZaposlenja, JMB, IdOdjela) values ('2016-12-13', '1112977106179', 11100);
insert into radi_na (DatumZaposlenja, JMB, IdOdjela) values ('2019-10-26', '0806987113138', 11100);
insert into radi_na (DatumZaposlenja, JMB, IdOdjela) values ('1999-05-29', '1704976119194', 11100);
-- select * from radi_na;

insert into telefon_odjela (IdOdjela, Telefon) values (10000, '+387 (0) 51 342 505');
insert into telefon_odjela (IdOdjela, Telefon) values (10000, '+387 (0) 51 342 563');
insert into telefon_odjela (IdOdjela, Telefon) values (11000, '+387 (0) 51 342 517');
insert into telefon_odjela (IdOdjela, Telefon) values (12000, '+387 (0) 51 343 343');
insert into telefon_odjela (IdOdjela, Telefon) values (13000, '+387 (0) 51 232 440');
insert into telefon_odjela (IdOdjela, Telefon) values (13000, '+387 (0) 51 232 442');
insert into telefon_odjela (IdOdjela, Telefon) values (14000, '+387 (0) 51 434 280');
insert into telefon_odjela (IdOdjela, Telefon) values (15000, '+387 (0) 51 343 368');
insert into telefon_odjela (IdOdjela, Telefon) values (16000, '+387 (0) 51 342 405');
insert into telefon_odjela (IdOdjela, Telefon) values (16000, '+387 (0) 51 342 413');
insert into telefon_odjela (IdOdjela, Telefon) values (17000, '+387 (0) 51 342 547');
insert into telefon_odjela (IdOdjela, Telefon) values (18000, '+387 (0) 51 342 249');
insert into telefon_odjela (IdOdjela, Telefon) values (19000, '+387 (0) 51 342 473');
insert into telefon_odjela (IdOdjela, Telefon) values (11100, '+387 (0) 51 233 859');
-- select * from telefon_odjela;

insert into zdravstveno_osiguranje (DavalacOsiguranja, Adresa, Telefon) values ('FZO RS','Zdrave Korde 8, Banja Luka', '+387 (0) 51 249 100');
insert into zdravstveno_osiguranje (DavalacOsiguranja, Adresa, Telefon) values ('Uniqa osiguranje','Jevrejska 99, Banja Luka', '+387 (0) 51 223 770');
insert into zdravstveno_osiguranje (DavalacOsiguranja, Adresa, Telefon) values ('Vienna osiguranje','Pave Radana 12, Banja Luka', '+387 (0) 51 232 360');
insert into zdravstveno_osiguranje (DavalacOsiguranja, Adresa, Telefon) values ('Dunav osiguranje','Veselina Masleše 28, Banja Luka', '+387 (0) 80 050 600');
insert into zdravstveno_osiguranje (DavalacOsiguranja, Adresa, Telefon) values ('Wiener osiguranje','Kninska 1a, Banja Luka', '+387 (0) 51 931 100');
-- select * from zdravstveno_osiguranje;

insert into pacijent (JMBPacijenta, Ime, Prezime, DatumRodjenja, Adresa, Telefon, Pol, KrvnaGrupa, DavalacOsiguranja) values ('1502973101187', 'Danilo', 'Dragić','1973-02-15', 'Ulica 104','+387 (0) 66 321 147', 'muški', 'AB', 'FZO RS');
insert into pacijent (JMBPacijenta, Ime, Prezime, DatumRodjenja, Adresa, Telefon, Pol, KrvnaGrupa, DavalacOsiguranja) values ('1108969107983', 'Milica', 'Momčilović', '1969-08-11', 'Ulica 12','+387 (0) 65 132 450', 'ženski', 'A', 'Wiener osiguranje');
insert into pacijent (JMBPacijenta, Ime, Prezime, DatumRodjenja, Adresa, Telefon, Pol, KrvnaGrupa, DavalacOsiguranja) values ('1907971101492', 'Miroslav', 'Stanojević','1971-07-19', 'Ulica 98','+387 (0) 65 917 052', 'muški', '0', 'Wiener osiguranje');
insert into pacijent (JMBPacijenta, Ime, Prezime, DatumRodjenja, Adresa, Telefon, Pol, KrvnaGrupa, DavalacOsiguranja) values ('0702998129315', 'Viktorija', 'Radišić', '1998-02-07', 'Ulica 36','+387 (0) 66 215 653', 'ženski', '0','Uniqa osiguranje');
insert into pacijent (JMBPacijenta, Ime, Prezime, DatumRodjenja, Adresa, Telefon, Pol, KrvnaGrupa, DavalacOsiguranja) values ('1211969134934', 'Dražen', 'Ilić', '1969-11-12', 'Ulica 24','+387 (0) 65 718 524', 'muški', 'A', 'FZO RS');
insert into pacijent (JMBPacijenta, Ime, Prezime, DatumRodjenja, Adresa, Telefon, Pol, KrvnaGrupa, DavalacOsiguranja) values ('1803016112381', 'Luka', 'Jovanović', '2016-03-18', 'Ulica 147', NULL, 'muški', 'B', 'Vienna osiguranje');
insert into pacijent (JMBPacijenta, Ime, Prezime, DatumRodjenja, Adresa, Telefon, Pol, KrvnaGrupa, DavalacOsiguranja) values ('2201984108175', 'Ana', 'Živanović', '1984-01-22', 'Ulica 93','+387 (0) 66 630 037', 'ženski', 'AB', 'Dunav osiguranje');
insert into pacijent (JMBPacijenta, Ime, Prezime, DatumRodjenja, Adresa, Telefon, Pol, KrvnaGrupa, DavalacOsiguranja) values ('2304988101562', 'Marko', 'Polić', '1988-04-23', 'Ulica 27','+387 (0) 66 445 884', 'muški', '0', 'FZO RS');
insert into pacijent (JMBPacijenta, Ime, Prezime, DatumRodjenja, Adresa, Telefon, Pol, KrvnaGrupa, DavalacOsiguranja) values ('2711019139654', 'Anastasija', 'Marinković', '2019-11-27', 'Ulica 38', '+387 (0) 66 520 051', 'ženski', 'AB', 'Uniqa osiguranje');
insert into pacijent (JMBPacijenta, Ime, Prezime, DatumRodjenja, Adresa, Telefon, Pol, KrvnaGrupa, DavalacOsiguranja) values ('1509967103517', 'Nikola', 'Vesić', '1967-09-15', 'Ulica 65','+387 (0) 65 182 326', 'muški', 'B', 'FZO RS');
insert into pacijent (JMBPacijenta, Ime, Prezime, DatumRodjenja, Adresa, Telefon, Pol, KrvnaGrupa, DavalacOsiguranja) values ('2605981101865', 'Momčilo', 'Lekić', '1981-05-26', 'Ulica 41','+387 (0) 65 456 123', 'muški', '0', 'Wiener osiguranje');
insert into pacijent (JMBPacijenta, Ime, Prezime, DatumRodjenja, Adresa, Telefon, Pol, KrvnaGrupa, DavalacOsiguranja) values ('1402975106903', 'Dejana', 'Marjanović', '1975-02-14', 'Ulica 2','+387 (0) 66 759 486', 'ženski', '0', 'Uniqa osiguranje');
insert into pacijent (JMBPacijenta, Ime, Prezime, DatumRodjenja, Adresa, Telefon, Pol, KrvnaGrupa, DavalacOsiguranja) values ('0111983109487', 'Jovana', 'Rapić', '1983-11-01', 'Ulica 72','+387 (0) 66 153 759', 'ženski', 'AB', 'FZO RS');
-- select * from pacijent;

insert into soba (BrojSobe, CijenaSobe, BrojKreveta ) values (10001, 25.00, 3);
insert into soba (BrojSobe, CijenaSobe, BrojKreveta ) values (10002, 25.00, 2);
insert into soba (BrojSobe, CijenaSobe, BrojKreveta ) values (11001, 30.00, 3);
insert into soba (BrojSobe, CijenaSobe, BrojKreveta ) values (11002, 30.00, 1);
insert into soba (BrojSobe, CijenaSobe, BrojKreveta ) values (11003, 30.00, 3);
insert into soba (BrojSobe, CijenaSobe, BrojKreveta ) values (12001, 25.00, 2);
insert into soba (BrojSobe, CijenaSobe, BrojKreveta ) values (12002, 25.00, 4);
insert into soba (BrojSobe, CijenaSobe, BrojKreveta ) values (12003, 25.00, 3);
insert into soba (BrojSobe, CijenaSobe, BrojKreveta ) values (14001, 30.00, 3);
insert into soba (BrojSobe, CijenaSobe, BrojKreveta ) values (14002, 30.00, 1);
insert into soba (BrojSobe, CijenaSobe, BrojKreveta ) values (14003, 30.00, 4);
insert into soba (BrojSobe, CijenaSobe, BrojKreveta ) values (14004, 30.00, 3);
insert into soba (BrojSobe, CijenaSobe, BrojKreveta ) values (14005, 30.00, 3);
insert into soba (BrojSobe, CijenaSobe, BrojKreveta ) values (15001, 30.00, 4);
insert into soba (BrojSobe, CijenaSobe, BrojKreveta ) values (15002, 30.00, 1);
insert into soba (BrojSobe, CijenaSobe, BrojKreveta ) values (15003, 30.00, 4);
insert into soba (BrojSobe, CijenaSobe, BrojKreveta ) values (16001, 25.00, 3);
insert into soba (BrojSobe, CijenaSobe, BrojKreveta ) values (16002, 25.00, 2);
insert into soba (BrojSobe, CijenaSobe, BrojKreveta ) values (16003, 25.00, 2);
insert into soba (BrojSobe, CijenaSobe, BrojKreveta ) values (16004, 25.00, 2);
insert into soba (BrojSobe, CijenaSobe, BrojKreveta ) values (17001, 25.00, 3);
insert into soba (BrojSobe, CijenaSobe, BrojKreveta ) values (17002, 25.00, 2);
insert into soba (BrojSobe, CijenaSobe, BrojKreveta ) values (17003, 25.00, 1);
insert into soba (BrojSobe, CijenaSobe, BrojKreveta ) values (19001, 30.00, 2);
insert into soba (BrojSobe, CijenaSobe, BrojKreveta ) values (19002, 30.00, 1);
insert into soba (BrojSobe, CijenaSobe, BrojKreveta ) values (19003, 30.00, 1);
insert into soba (BrojSobe, CijenaSobe, BrojKreveta ) values (19004, 30.00, 2);
-- select * from soba;

insert into kontakt_osoba (JMBKontaktOsobe, Ime, Prezime, Telefon) values ('0103972106154', 'Marija', 'Dragić', '+387 (0) 65 482 320');
insert into kontakt_osoba (JMBKontaktOsobe, Ime, Prezime, Telefon) values ('2112989103189', 'Ivan', 'Momčilović', '+387 (0) 66 197 878');
insert into kontakt_osoba (JMBKontaktOsobe, Ime, Prezime, Telefon) values ('1405996101735', 'Jelena', 'Stanojević', '+387 (0) 65 914 112');
insert into kontakt_osoba (JMBKontaktOsobe, Ime, Prezime, Telefon) values ('0406972109892', 'Mirjana', 'Radišić', '+387 (0) 66 789 346');
insert into kontakt_osoba (JMBKontaktOsobe, Ime, Prezime, Telefon) values ('0204969129106', 'Marina', 'Ilić', '+387 (0) 66 231 896');
insert into kontakt_osoba (JMBKontaktOsobe, Ime, Prezime, Telefon) values ('1803993102941', 'Siniša', 'Jovanović', '+387 (0) 782 325');
insert into kontakt_osoba (JMBKontaktOsobe, Ime, Prezime, Telefon) values ('1905959178450', 'Desanka', 'Živanović', '+387 (0) 65 211 699');
insert into kontakt_osoba (JMBKontaktOsobe, Ime, Prezime, Telefon) values ('0808974157211', 'Verica', 'Polić', '+387 (0) 66 123 951');
insert into kontakt_osoba (JMBKontaktOsobe, Ime, Prezime, Telefon) values ('1109992182329', 'Vasilije', 'Marinković', '+387 (0) 65 200 543');
insert into kontakt_osoba (JMBKontaktOsobe, Ime, Prezime, Telefon) values ('2701993113515', 'Miloš', 'Vesić', '+387 (0) 66 751 009');
insert into kontakt_osoba (JMBKontaktOsobe, Ime, Prezime, Telefon) values ('0911983189124', 'Dajana', 'Lekić', '+387 (0) 66 913 254');
insert into kontakt_osoba (JMBKontaktOsobe, Ime, Prezime, Telefon) values ('1703996104396', 'Duško', 'Marjanović', '+387 (0) 66 696 555');
insert into kontakt_osoba (JMBKontaktOsobe, Ime, Prezime, Telefon) values ('3108983119185', 'Biljana', 'Rapić', '+387 (0) 65 876 357');
-- select * from kontakt_osoba;

insert into pacijent_zadrzan (JMBPacijenta, DatumPrijema, DatumOtpustanja, BrojSobe, JMBKontaktOsobe) values ('1502973101187', '2022-10-15', NULL, 17002, '0103972106154'); -- infekcija pluca ++ 
insert into pacijent_zadrzan (JMBPacijenta, DatumPrijema, DatumOtpustanja, BrojSobe, JMBKontaktOsobe) values ('1108969107983', '2020-08-31', NULL, 19001, '2112989103189'); -- covid-19 infekcija ++
insert into pacijent_zadrzan (JMBPacijenta, DatumPrijema, DatumOtpustanja, BrojSobe, JMBKontaktOsobe) values ('1907971101492','2023-02-17', NULL, 14003, '1405996101735'); -- shizofrenija ++
insert into pacijent_zadrzan (JMBPacijenta, DatumPrijema, DatumOtpustanja, BrojSobe, JMBKontaktOsobe) values ('0702998129315','2022-05-24', NULL, 19003, '0406972109892'); -- malign obolj ++
-- select * from pacijent_zadrzan;

insert into pacijent_nije_zadrzan (JMBPacijenta, DatumDolaska) values ('1211969134934', '2022-07-16');
insert into pacijent_nije_zadrzan (JMBPacijenta, DatumDolaska) values ('1803016112381', '2022-11-20');
insert into pacijent_nije_zadrzan (JMBPacijenta, DatumDolaska) values ('2201984108175', '2023-01-15');
insert into pacijent_nije_zadrzan (JMBPacijenta, DatumDolaska) values ('2304988101562', '2022-12-07');
insert into pacijent_nije_zadrzan (JMBPacijenta, DatumDolaska) values ('2711019139654', '2022-10-31');
insert into pacijent_nije_zadrzan (JMBPacijenta, DatumDolaska) values ('1509967103517', '2023-03-23');
insert into pacijent_nije_zadrzan (JMBPacijenta, DatumDolaska) values ('2605981101865', '2020-06-11');
insert into pacijent_nije_zadrzan (JMBPacijenta, DatumDolaska) values ('1402975106903', '2021-08-21');
insert into pacijent_nije_zadrzan (JMBPacijenta, DatumDolaska) values ('0111983109487', '2020-02-09');
-- select * from pacijent_nije_zadrzan;

insert into lijek (IdLijeka, NazivLijeka, TipLijeka, CijenaLijeka) values (1, 'Septolete', 'Pastile', 7.00);
insert into lijek (IdLijeka, NazivLijeka, TipLijeka, CijenaLijeka) values (2, 'Hemomycin', 'Film tableta', 21.30);
insert into lijek (IdLijeka, NazivLijeka, TipLijeka, CijenaLijeka) values (3, 'Panklav', 'Sirup', 12.50);
insert into lijek (IdLijeka, NazivLijeka, TipLijeka, CijenaLijeka) values (4, 'Uvin H', 'Čaj', 3.60);
insert into lijek (IdLijeka, NazivLijeka, TipLijeka, CijenaLijeka) values (5, 'Voltaren', 'Gel', 19.70);
insert into lijek (IdLijeka, NazivLijeka, TipLijeka, CijenaLijeka) values (6, 'Ampril', 'Tablete', 8.10);
insert into lijek (IdLijeka, NazivLijeka, TipLijeka, CijenaLijeka) values (7, 'Gliclada', 'Tablete', 15.90);
insert into lijek (IdLijeka, NazivLijeka, TipLijeka, CijenaLijeka) values (8, 'Apaurin', 'Film tablete', 10.20);
insert into lijek (IdLijeka, NazivLijeka, TipLijeka, CijenaLijeka) values (9, 'Haldol', 'Otopina za injekciju', 10.60);
insert into lijek (IdLijeka, NazivLijeka, TipLijeka, CijenaLijeka) values (10, 'Lexoderm', 'Sprej,krema', 21.50);
insert into lijek (IdLijeka, NazivLijeka, TipLijeka, CijenaLijeka) values (11, 'Naturoplex', 'Film tablete', 18.90);
insert into lijek (IdLijeka, NazivLijeka, TipLijeka, CijenaLijeka) values (12, 'Amoksicilin', 'Pastile', 5.20);
insert into lijek (IdLijeka, NazivLijeka, TipLijeka, CijenaLijeka) values (13, 'Duoclav', 'Film tablete', 11.40);
insert into lijek (IdLijeka, NazivLijeka, TipLijeka, CijenaLijeka) values (14, 'Azibiot', 'Film tablete', 3.30);
insert into lijek (IdLijeka, NazivLijeka, TipLijeka, CijenaLijeka) values (15, 'Panatus', 'Film tablete', 8.70);
insert into lijek (IdLijeka, NazivLijeka, TipLijeka, CijenaLijeka) values (16, 'Lupocet junior', 'Sirup', 7.60);
insert into lijek (IdLijeka, NazivLijeka, TipLijeka, CijenaLijeka) values (17, 'Neofen', 'Tablete', 8.10);
insert into lijek (IdLijeka, NazivLijeka, TipLijeka, CijenaLijeka) values (18, 'Ecansya', 'Film tablete', 59.90);
-- select * from lijek;

insert into prepisivanje (DatumPrepisivanja, JMBDoktora, JMBPacijenta, IdLijeka, KolicinaLijeka) values ('2022-07-16', '1408987118138', '1211969134934', 11, 1);
insert into prepisivanje (DatumPrepisivanja, JMBDoktora, JMBPacijenta, IdLijeka, KolicinaLijeka) values ('2022-07-16', '1408987118138', '1211969134934', 4, 1);
insert into prepisivanje (DatumPrepisivanja, JMBDoktora, JMBPacijenta, IdLijeka, KolicinaLijeka) values ('2022-10-31', '1911963129179', '2711019139654', 3, 1);
insert into prepisivanje (DatumPrepisivanja, JMBDoktora, JMBPacijenta, IdLijeka, KolicinaLijeka) values ('2022-10-31', '1911963129179', '2711019139654', 16, 1);
insert into prepisivanje (DatumPrepisivanja, JMBDoktora, JMBPacijenta, IdLijeka, KolicinaLijeka) values ('2023-01-15', '2609982101124', '2201984108175', 8, 2);
insert into prepisivanje (DatumPrepisivanja, JMBDoktora, JMBPacijenta, IdLijeka, KolicinaLijeka) values ('2022-10-15', '2909982101124', '1502973101187', 14, 2);
insert into prepisivanje (DatumPrepisivanja, JMBDoktora, JMBPacijenta, IdLijeka, KolicinaLijeka) values ('2022-10-15', '2909982101124', '1502973101187', 15, 1);
insert into prepisivanje (DatumPrepisivanja, JMBDoktora, JMBPacijenta, IdLijeka, KolicinaLijeka) values ('2022-12-07', '3003989103106', '2304988101562', 6, 1);
insert into prepisivanje (DatumPrepisivanja, JMBDoktora, JMBPacijenta, IdLijeka, KolicinaLijeka) values ('2020-08-31', '1702977107179', '1108969107983', 2, 2);
insert into prepisivanje (DatumPrepisivanja, JMBDoktora, JMBPacijenta, IdLijeka, KolicinaLijeka) values ('2020-08-31', '1702977107179', '1108969107983', 17, 1);
insert into prepisivanje (DatumPrepisivanja, JMBDoktora, JMBPacijenta, IdLijeka, KolicinaLijeka) values ('2022-11-20', '0803989103106', '1803016112381', 10, 2);
insert into prepisivanje (DatumPrepisivanja, JMBDoktora, JMBPacijenta, IdLijeka, KolicinaLijeka) values ('2023-02-17', '0608977108179', '1907971101492', 9, 6);
insert into prepisivanje (DatumPrepisivanja, JMBDoktora, JMBPacijenta, IdLijeka, KolicinaLijeka) values ('2023-03-23', '2004972124116', '1509967103517', 5, 1);
insert into prepisivanje (DatumPrepisivanja, JMBDoktora, JMBPacijenta, IdLijeka, KolicinaLijeka) values ('2022-05-24', '1508987112138', '0702998129315', 18, 2);
insert into prepisivanje (DatumPrepisivanja, JMBDoktora, JMBPacijenta, IdLijeka, KolicinaLijeka) values ('2020-06-11', '2002972126116', '2605981101865', 7, 1);
insert into prepisivanje (DatumPrepisivanja, JMBDoktora, JMBPacijenta, IdLijeka, KolicinaLijeka) values ('2021-08-21', '1404969129462', '1402975106903', 13, 1);
insert into prepisivanje (DatumPrepisivanja, JMBDoktora, JMBPacijenta, IdLijeka, KolicinaLijeka) values ('2020-02-09', '1702977107179', '0111983109487', 12, 1);
insert into prepisivanje (DatumPrepisivanja, JMBDoktora, JMBPacijenta, IdLijeka, KolicinaLijeka) values ('2020-02-09', '1702977107179', '0111983109487', 1, 1);
-- select * from prepisivanje;

insert into dijagnosticki_pregled (IdPregleda, NazivPregleda, CijenaPregleda) values (10101, 'Spec. pregled endokrinologa', 45.00);
insert into dijagnosticki_pregled (IdPregleda, NazivPregleda, CijenaPregleda) values (11101, 'Spec. pregled kardiologa', 50.00);
insert into dijagnosticki_pregled (IdPregleda, NazivPregleda, CijenaPregleda) values (12201, 'Spec. pregled urologa', 45.00);
insert into dijagnosticki_pregled (IdPregleda, NazivPregleda, CijenaPregleda) values (13301, 'Spec. pregled stomatologa', 45.00);
insert into dijagnosticki_pregled (IdPregleda, NazivPregleda, CijenaPregleda) values (14401, 'Spec. pregled psihijatra', 55.00);
insert into dijagnosticki_pregled (IdPregleda, NazivPregleda, CijenaPregleda) values (15501, 'Spec. pregled ortopeda', 45.00);
insert into dijagnosticki_pregled (IdPregleda, NazivPregleda, CijenaPregleda) values (16601, 'Spec. pregled pedijatra', 40.00);
insert into dijagnosticki_pregled (IdPregleda, NazivPregleda, CijenaPregleda) values (17701, 'Spec. pregled onkologa', 50.00);
insert into dijagnosticki_pregled (IdPregleda, NazivPregleda, CijenaPregleda) values (19901, 'Spec. pregled infektologa', 50.00);
insert into dijagnosticki_pregled (IdPregleda, NazivPregleda, CijenaPregleda) values (13302, 'Dentalni RTG', 30.00);
insert into dijagnosticki_pregled (IdPregleda, NazivPregleda, CijenaPregleda) values (14402, 'Psihijatrijska anamneza', 60.00);
insert into dijagnosticki_pregled (IdPregleda, NazivPregleda, CijenaPregleda) values (17702, 'Ultrazvuk abdomena', 70.00);
insert into dijagnosticki_pregled (IdPregleda, NazivPregleda, CijenaPregleda) values (18801, 'CT glave', 140.00);
insert into dijagnosticki_pregled (IdPregleda, NazivPregleda, CijenaPregleda) values (18802, 'RTG pluća', 40.00);
insert into dijagnosticki_pregled (IdPregleda, NazivPregleda, CijenaPregleda) values (11102, 'EKG srca', 20.00);
insert into dijagnosticki_pregled (IdPregleda, NazivPregleda, CijenaPregleda) values (18803, 'RTG koljena', 35.00);
insert into dijagnosticki_pregled (IdPregleda, NazivPregleda, CijenaPregleda) values (111101, 'Krvna slika', 10.00);
insert into dijagnosticki_pregled (IdPregleda, NazivPregleda, CijenaPregleda) values (19902, 'COVID-19 test', 10.00);
-- select * from dijagnosticki_pregled;

insert into pregledanje (DatumPregleda, JMBDoktora, JMBPacijenta, IdPregleda, Dijagnoza, Misljenje) values ('2022-07-16', '1408987118138', '1211969134934', 12201, 'Urinarna infekcija', NULL);
insert into pregledanje (DatumPregleda, JMBDoktora, JMBPacijenta, IdPregleda, Dijagnoza, Misljenje) values ('2022-10-31', '1911963129179', '2711019139654', 16601, 'Akutni bakterijski sinuzitis', 'Upala sinusa i povišena temperatura.');
insert into pregledanje (DatumPregleda, JMBDoktora, JMBPacijenta, IdPregleda, Dijagnoza, Misljenje) values ('2023-01-15', '2609982101124', '2201984108175', 14401, 'Anksioznost', 'Početna faza anksioznosti.');
insert into pregledanje (DatumPregleda, JMBDoktora, JMBPacijenta, IdPregleda, Dijagnoza, Misljenje) values ('2022-10-15', '2909982101124', '1502973101187', 19901, 'Invazivni kašalj', 'Potreban RTG pluća.');
insert into pregledanje (DatumPregleda, JMBDoktora, JMBPacijenta, IdPregleda, Dijagnoza, Misljenje) values ('2023-10-15', '0501974101101', '1502973101187', 18802, 'Infekcija pluća', 'Hitna hospitalizacija.');
insert into pregledanje (DatumPregleda, JMBDoktora, JMBPacijenta, IdPregleda, Dijagnoza, Misljenje) values ('2022-12-07', '3003989103106', '2304988101562', 11101, 'Povišen krvni pritisak', 'Potreban EKG srca.');
insert into pregledanje (DatumPregleda, JMBDoktora, JMBPacijenta, IdPregleda, Dijagnoza, Misljenje) values ('2022-12-07', '3003989103106', '2304988101562', 11102, 'Hipertenzija', NULL);
insert into pregledanje (DatumPregleda, JMBDoktora, JMBPacijenta, IdPregleda, Dijagnoza, Misljenje) values ('2020-08-31', '1702977107179', '1108969107983', 19902, 'COVID-19 pozitivan', 'Hospitalizacija.');
insert into pregledanje (DatumPregleda, JMBDoktora, JMBPacijenta, IdPregleda, Dijagnoza, Misljenje) values ('2022-11-20', '0803989103106', '1803016112381', 16601, 'Male boginje', NULL);
insert into pregledanje (DatumPregleda, JMBDoktora, JMBPacijenta, IdPregleda, Dijagnoza, Misljenje) values ('2023-02-17', '1312969120462', '1907971101492', 18801, 'Sumnja na shizofreniju', NULL);
insert into pregledanje (DatumPregleda, JMBDoktora, JMBPacijenta, IdPregleda, Dijagnoza, Misljenje) values ('2023-02-17', '0608977108179', '1907971101492', 14402, 'Shizofrenija', 'Hitna hospitalizacija.');
insert into pregledanje (DatumPregleda, JMBDoktora, JMBPacijenta, IdPregleda, Dijagnoza, Misljenje) values ('2023-03-23', '2004972124116', '1509967103517', 15501, 'Ozljeda tetiva', 'Potreban RTG koljena.');
insert into pregledanje (DatumPregleda, JMBDoktora, JMBPacijenta, IdPregleda, Dijagnoza, Misljenje) values ('2023-03-23', '1312969120462', '1509967103517', 18803, 'Ozljeda tetiva i ligamenata', NULL);
insert into pregledanje (DatumPregleda, JMBDoktora, JMBPacijenta, IdPregleda, Dijagnoza, Misljenje) values ('2022-05-24', '0509982101124', '0702998129315', 111101, 'Povišen nivo leukocita', NULL);
insert into pregledanje (DatumPregleda, JMBDoktora, JMBPacijenta, IdPregleda, Dijagnoza, Misljenje) values ('2022-05-24', '1508987112138', '0702998129315', 17702, 'Maligno uvećanje crijeva', NULL);
insert into pregledanje (DatumPregleda, JMBDoktora, JMBPacijenta, IdPregleda, Dijagnoza, Misljenje) values ('2022-05-24', '1508987112138', '0702998129315', 17701, 'Maligno oboljenje crijeva', 'Hospitalizacija.');
insert into pregledanje (DatumPregleda, JMBDoktora, JMBPacijenta, IdPregleda, Dijagnoza, Misljenje) values ('2020-06-11', '2002972126116', '2605981101865', 10101, 'Hiperglikemija', NULL);
insert into pregledanje (DatumPregleda, JMBDoktora, JMBPacijenta, IdPregleda, Dijagnoza, Misljenje) values ('2021-08-21', '1404969129462', '1402975106903', 13301, 'Zapaljenje zuba i desni', 'Potreban dentalni RTG.');
insert into pregledanje (DatumPregleda, JMBDoktora, JMBPacijenta, IdPregleda, Dijagnoza, Misljenje) values ('2021-08-21', '1404969129462', '1402975106903', 13302, 'Bakterijska infekcija korijena zuba', NULL);
insert into pregledanje (DatumPregleda, JMBDoktora, JMBPacijenta, IdPregleda, Dijagnoza, Misljenje) values ('2020-02-09', '1702977107179', '0111983109487', 19901, 'Akutni streptokokni tonzilitis', NULL);
-- select * from pregledanje;

update pacijent_zadrzan set DatumOtpustanja = '2022-10-18' where JMBPacijenta = '1502973101187';
update pacijent_zadrzan set DatumOtpustanja = '2020-09-06' where JMBPacijenta = '1108969107983';
update pacijent_zadrzan set DatumOtpustanja = '2023-02-22' where JMBPacijenta = '1907971101492';
update pacijent_zadrzan set DatumOtpustanja = '2022-05-30' where JMBPacijenta = '0702998129315';
-- select * from pacijent_zadrzan;


